{"cameraMode":{"drawMode":0,"name":"Shaded","section":"Shading Mode"},"sceneLighting":false,"audioPlay":false,"sceneViewState":{"showFog":true,"showMaterialUpdate":false,"showSkybox":true,"showFlares":true,"showImageEffects":true,"showParticleSystems":true},"in2DMode":false,"pivot":{"x":0.8335418701171875,"y":0.0,"z":108.80122375488281},"rotation":{"x":-0.2839221656322479,"y":0.19613805413246156,"z":-0.05945298448204994,"w":-0.9366914629936218},"size":148.67861938476563,"orthographic":false}