{"cameraMode":{"drawMode":0,"name":"Shaded","section":"Shading Mode"},"sceneLighting":false,"audioPlay":false,"sceneViewState":{"showFog":true,"showMaterialUpdate":false,"showSkybox":true,"showFlares":true,"showImageEffects":true,"showParticleSystems":true},"in2DMode":false,"pivot":{"x":-3.1563069820404054,"y":-0.0000066974271248909648,"z":100.12694549560547},"rotation":{"x":-0.00030932636582292616,"y":-0.020086022093892099,"z":0.000005154035079613095,"w":-0.9998056292533875},"size":40.685611724853519,"orthographic":false}