{"cameraMode":{"drawMode":0,"name":"Shaded","section":"Shading Mode"},"sceneLighting":false,"audioPlay":false,"sceneViewState":{"showFog":true,"showMaterialUpdate":false,"showSkybox":true,"showFlares":true,"showImageEffects":true,"showParticleSystems":true},"in2DMode":false,"pivot":{"x":14.633301734924317,"y":0.0,"z":99.46788024902344},"rotation":{"x":-0.00030932636582292616,"y":-0.020086022093892099,"z":0.000005154035079613095,"w":-0.9998056292533875},"size":44.663612365722659,"orthographic":false}