{"cameraMode":{"drawMode":0,"name":"Shaded","section":"Shading Mode"},"sceneLighting":true,"audioPlay":false,"sceneViewState":{"m_AlwaysRefresh":false,"showFog":true,"showSkybox":true,"showFlares":true,"showImageEffects":true,"showParticleSystems":true,"showVisualEffectGraphs":true,"m_FxEnabled":true},"in2DMode":false,"pivot":{"x":0.31528061628341677,"y":3.046786308288574,"z":125.09011840820313},"rotation":{"x":0.007190592121332884,"y":-0.0005872196634300053,"z":-0.000005208791208133334,"w":-0.9999814033508301},"size":57.71700668334961,"orthographic":false}